id,type,cost,weather_dpendence,pet_friendly,time_open,time_close,movie_genre,music_genre,hike_difficulty,cusine_type
1,movie,10,FALSE,FALSE,3:24 AM,7:15 AM,Thriller,,,
2,movie,9,FALSE,FALSE,7:43 PM,1:31 AM,Thriller,,,
3,movie,8,FALSE,FALSE,3:01 AM,1:07 PM,Thriller,,,
4,movie,9,FALSE,FALSE,9:13 AM,9:32 AM,Action,,,
5,movie,10,FALSE,FALSE,9:22 AM,1:44 AM,Drama,,,
6,movie,8,FALSE,FALSE,3:52 AM,6:06 PM,Drama,,,
7,movie,9,FALSE,FALSE,4:03 AM,11:43 AM,Thriller,,,
8,movie,11,FALSE,FALSE,12:50 AM,2:19 AM,Action,,,
9,movie,11,FALSE,FALSE,1:51 AM,6:28 PM,Drama,,,
10,movie,9,FALSE,FALSE,5:50 PM,5:07 AM,Action,,,
11,movie,9,FALSE,FALSE,9:09 AM,7:32 AM,Thriller,,,
12,movie,8,FALSE,FALSE,4:55 AM,2:55 PM,Thriller,,,
13,movie,10,FALSE,FALSE,7:19 AM,9:14 PM,Action,,,
14,movie,7,FALSE,FALSE,2:33 PM,7:09 AM,Thriller,,,
15,movie,13,FALSE,FALSE,7:28 PM,10:32 AM,Action,,,
16,movie,10,FALSE,FALSE,5:36 PM,1:37 PM,Thriller,,,
17,movie,9,FALSE,FALSE,5:44 PM,11:38 PM,Drama,,,
18,movie,10,FALSE,FALSE,1:32 AM,10:59 AM,Comedy,,,
19,movie,8,FALSE,FALSE,9:03 AM,3:50 PM,Action,,,
20,movie,8,FALSE,FALSE,8:19 AM,1:02 PM,Thriller,,,
21,movie,13,FALSE,FALSE,10:34 AM,7:10 PM,Comedy,,,
22,movie,9,FALSE,FALSE,10:38 AM,11:44 AM,Action,,,
23,movie,11,FALSE,FALSE,11:29 PM,9:28 PM,Comedy,,,
24,movie,10,FALSE,FALSE,5:36 PM,12:55 PM,Drama,,,
25,movie,10,FALSE,FALSE,7:20 PM,6:14 PM,Action,,,
26,movie,10,FALSE,FALSE,8:49 AM,7:05 AM,Action,,,
27,movie,9,FALSE,FALSE,4:57 PM,11:01 AM,Drama,,,
28,movie,12,FALSE,FALSE,5:25 PM,2:22 AM,Action,,,
29,movie,9,FALSE,FALSE,7:39 AM,8:34 PM,Comedy,,,
30,movie,13,FALSE,FALSE,2:30 PM,12:21 PM,Drama,,,
31,movie,12,FALSE,FALSE,2:49 PM,9:40 AM,Thriller,,,
32,movie,11,FALSE,FALSE,6:51 AM,6:52 PM,Action,,,
33,movie,11,FALSE,FALSE,3:18 PM,4:35 PM,Thriller,,,
34,movie,10,FALSE,FALSE,12:45 PM,2:37 PM,Drama,,,
35,movie,9,FALSE,FALSE,12:36 AM,7:49 AM,Comedy,,,
36,movie,10,FALSE,FALSE,7:35 AM,8:17 PM,Comedy,,,
37,movie,8,FALSE,FALSE,3:21 AM,7:02 PM,Thriller,,,
38,movie,13,FALSE,FALSE,1:21 PM,7:34 PM,Thriller,,,
39,movie,7,FALSE,FALSE,7:52 AM,1:30 PM,Drama,,,
40,movie,10,FALSE,FALSE,5:13 AM,9:53 AM,Comedy,,,
41,movie,7,FALSE,FALSE,10:19 AM,1:58 AM,Drama,,,
42,movie,16,FALSE,FALSE,12:36 PM,12:46 AM,Thriller,,,
43,movie,6,FALSE,FALSE,6:22 PM,12:22 PM,Action,,,
44,movie,8,FALSE,FALSE,2:25 PM,1:22 AM,Thriller,,,
45,movie,13,FALSE,FALSE,8:50 PM,8:18 AM,Comedy,,,
46,movie,9,FALSE,FALSE,11:56 AM,8:02 AM,Action,,,
47,movie,10,FALSE,FALSE,4:25 PM,4:12 AM,Thriller,,,
48,movie,10,FALSE,FALSE,7:41 AM,9:39 AM,Action,,,
49,movie,11,FALSE,FALSE,11:13 AM,4:21 PM,Thriller,,,
50,movie,10,FALSE,FALSE,2:29 PM,5:25 PM,Drama,,,
51,movie,10,FALSE,FALSE,5:48 AM,4:24 PM,Comedy,,,
52,movie,11,FALSE,FALSE,12:33 AM,6:55 AM,Drama,,,
53,movie,8,FALSE,FALSE,6:56 PM,3:18 PM,Action,,,
54,movie,8,FALSE,FALSE,9:28 AM,11:14 AM,Drama,,,
55,movie,10,FALSE,FALSE,8:57 PM,7:05 AM,Drama,,,
56,movie,9,FALSE,FALSE,10:14 AM,8:33 AM,Drama,,,
57,movie,7,FALSE,FALSE,4:54 PM,7:42 AM,Action,,,
58,movie,8,FALSE,FALSE,1:11 PM,10:57 AM,Drama,,,
59,movie,6,FALSE,FALSE,9:20 AM,11:11 AM,Action,,,
60,movie,11,FALSE,FALSE,7:46 AM,1:15 PM,Action,,,
61,movie,8,FALSE,FALSE,7:38 AM,1:41 PM,Drama,,,
62,movie,6,FALSE,FALSE,8:52 PM,2:37 AM,Comedy,,,
63,movie,10,FALSE,FALSE,1:34 AM,12:16 PM,Action,,,
64,movie,9,FALSE,FALSE,11:52 AM,1:47 AM,Thriller,,,
65,movie,10,FALSE,FALSE,9:37 PM,2:27 AM,Action,,,
66,movie,10,FALSE,FALSE,11:00 PM,5:43 PM,Action,,,
67,movie,10,FALSE,FALSE,1:55 AM,5:07 AM,Comedy,,,
68,movie,10,FALSE,FALSE,4:06 PM,7:49 PM,Comedy,,,
69,movie,10,FALSE,FALSE,8:31 AM,5:56 AM,Drama,,,
70,movie,7,FALSE,FALSE,3:01 PM,8:57 AM,Action,,,
71,movie,9,FALSE,FALSE,10:20 AM,12:31 AM,Thriller,,,
72,movie,8,FALSE,FALSE,4:31 AM,11:19 AM,Thriller,,,
73,movie,10,FALSE,FALSE,6:10 PM,3:20 PM,Action,,,
74,movie,11,FALSE,FALSE,3:53 AM,10:12 AM,Comedy,,,
75,movie,7,FALSE,FALSE,4:42 PM,11:30 AM,Drama,,,
76,movie,9,FALSE,FALSE,11:29 AM,3:00 PM,Comedy,,,
77,movie,8,FALSE,FALSE,7:57 AM,11:01 PM,Comedy,,,
78,movie,13,FALSE,FALSE,8:15 PM,2:11 PM,Action,,,
79,movie,9,FALSE,FALSE,1:48 PM,10:35 AM,Thriller,,,
80,movie,10,FALSE,FALSE,9:00 PM,7:51 AM,Action,,,
81,movie,10,FALSE,FALSE,12:11 AM,5:54 AM,Thriller,,,
82,movie,7,FALSE,FALSE,11:23 PM,9:01 PM,Comedy,,,
83,movie,9,FALSE,FALSE,3:19 AM,1:29 AM,Thriller,,,
84,movie,8,FALSE,FALSE,11:54 AM,8:14 AM,Action,,,
85,movie,10,FALSE,FALSE,1:29 AM,2:50 AM,Drama,,,
86,movie,10,FALSE,FALSE,11:42 PM,3:12 PM,Comedy,,,
87,movie,11,FALSE,FALSE,5:15 AM,3:50 AM,Comedy,,,
88,movie,9,FALSE,FALSE,4:31 PM,3:37 AM,Thriller,,,
89,movie,8,FALSE,FALSE,8:23 AM,8:34 AM,Drama,,,
90,movie,9,FALSE,FALSE,5:37 AM,9:57 AM,Comedy,,,
91,movie,11,FALSE,FALSE,7:28 AM,1:14 AM,Comedy,,,
92,movie,12,FALSE,FALSE,11:31 PM,4:31 AM,Drama,,,
93,movie,8,FALSE,FALSE,9:57 AM,10:18 PM,Comedy,,,
94,movie,9,FALSE,FALSE,6:50 PM,10:47 AM,Comedy,,,
95,movie,10,FALSE,FALSE,4:13 AM,5:38 AM,Drama,,,
96,movie,14,FALSE,FALSE,9:18 AM,3:00 AM,Action,,,
97,movie,9,FALSE,FALSE,2:23 AM,6:52 PM,Thriller,,,
98,movie,10,FALSE,FALSE,8:38 AM,6:57 PM,Thriller,,,
99,movie,14,FALSE,FALSE,3:12 AM,6:42 AM,Drama,,,
100,movie,12,FALSE,FALSE,1:38 AM,5:03 AM,Action,,,
101,movie,10,FALSE,FALSE,1:30 AM,2:52 PM,Action,,,
102,movie,10,FALSE,FALSE,4:18 AM,8:43 AM,Comedy,,,
103,movie,10,FALSE,FALSE,1:59 AM,11:14 AM,Thriller,,,
104,movie,11,FALSE,FALSE,10:59 AM,8:46 PM,Action,,,
105,movie,10,FALSE,FALSE,12:50 PM,5:47 PM,Comedy,,,
106,movie,7,FALSE,FALSE,5:06 PM,2:02 PM,Thriller,,,
107,movie,10,FALSE,FALSE,9:47 PM,4:08 AM,Thriller,,,
108,movie,9,FALSE,FALSE,9:01 PM,7:30 PM,Comedy,,,
109,movie,12,FALSE,FALSE,2:19 AM,10:34 AM,Comedy,,,
110,movie,8,FALSE,FALSE,5:42 PM,5:04 AM,Thriller,,,
111,movie,9,FALSE,FALSE,7:30 AM,11:22 AM,Drama,,,
112,movie,7,FALSE,FALSE,1:15 AM,6:38 PM,Drama,,,
113,movie,13,FALSE,FALSE,1:05 PM,8:11 AM,Drama,,,
114,movie,9,FALSE,FALSE,1:03 AM,8:36 PM,Thriller,,,
115,movie,9,FALSE,FALSE,7:11 AM,11:29 PM,Comedy,,,
116,movie,12,FALSE,FALSE,8:32 PM,11:54 PM,Drama,,,
117,movie,6,FALSE,FALSE,12:10 AM,10:53 PM,Thriller,,,
118,movie,13,FALSE,FALSE,7:24 PM,10:34 AM,Thriller,,,
119,movie,10,FALSE,FALSE,1:09 AM,5:54 PM,Thriller,,,
120,movie,12,FALSE,FALSE,3:47 AM,2:33 AM,Comedy,,,
121,movie,10,FALSE,FALSE,7:18 AM,5:14 PM,Thriller,,,
122,movie,13,FALSE,FALSE,8:19 PM,7:34 PM,Drama,,,
123,movie,8,FALSE,FALSE,11:48 AM,11:53 PM,Comedy,,,
124,movie,8,FALSE,FALSE,7:58 AM,8:49 AM,Action,,,
125,movie,10,FALSE,FALSE,6:05 AM,6:27 AM,Comedy,,,
126,movie,8,FALSE,FALSE,6:26 PM,3:49 AM,Thriller,,,
127,movie,9,FALSE,FALSE,10:08 AM,3:44 AM,Drama,,,
128,movie,10,FALSE,FALSE,12:46 AM,2:49 PM,Comedy,,,
129,movie,10,FALSE,FALSE,7:29 AM,3:52 PM,Drama,,,
130,movie,12,FALSE,FALSE,4:51 AM,4:00 PM,Thriller,,,
131,movie,9,FALSE,FALSE,5:44 AM,8:40 PM,Comedy,,,
132,movie,5,FALSE,FALSE,11:55 AM,4:29 PM,Thriller,,,
133,movie,9,FALSE,FALSE,1:41 AM,10:06 AM,Action,,,
134,movie,12,FALSE,FALSE,7:59 PM,2:19 AM,Comedy,,,
135,movie,11,FALSE,FALSE,10:47 PM,9:59 AM,Thriller,,,
136,movie,7,FALSE,FALSE,9:28 PM,6:19 PM,Thriller,,,
137,movie,13,FALSE,FALSE,4:42 PM,11:44 AM,Comedy,,,
138,movie,9,FALSE,FALSE,6:36 AM,5:17 PM,Thriller,,,
139,movie,9,FALSE,FALSE,7:35 PM,8:59 PM,Action,,,
140,movie,11,FALSE,FALSE,1:59 AM,6:06 PM,Thriller,,,
141,movie,12,FALSE,FALSE,1:18 AM,4:02 AM,Drama,,,
142,movie,10,FALSE,FALSE,12:17 AM,3:42 AM,Action,,,
143,movie,11,FALSE,FALSE,3:13 PM,7:16 PM,Thriller,,,
144,movie,12,FALSE,FALSE,5:50 PM,12:17 AM,Thriller,,,
145,movie,12,FALSE,FALSE,10:29 AM,10:37 PM,Action,,,
146,movie,11,FALSE,FALSE,1:40 PM,6:03 AM,Drama,,,
147,movie,14,FALSE,FALSE,7:17 PM,5:38 AM,Comedy,,,
148,movie,11,FALSE,FALSE,12:41 AM,8:38 PM,Comedy,,,
149,movie,11,FALSE,FALSE,1:36 AM,5:08 PM,Action,,,
150,movie,6,FALSE,FALSE,10:14 AM,7:27 PM,Thriller,,,
151,movie,12,FALSE,FALSE,11:09 AM,1:46 AM,Comedy,,,
152,movie,9,FALSE,FALSE,8:46 AM,2:51 PM,Action,,,
153,movie,6,FALSE,FALSE,10:32 PM,10:41 PM,Drama,,,
154,movie,14,FALSE,FALSE,10:33 AM,6:16 AM,Drama,,,
155,movie,7,FALSE,FALSE,6:03 PM,9:08 AM,Action,,,
156,movie,10,FALSE,FALSE,10:25 PM,4:57 PM,Comedy,,,
157,movie,10,FALSE,FALSE,5:15 PM,11:29 AM,Thriller,,,
158,movie,5,FALSE,FALSE,8:31 PM,11:21 AM,Comedy,,,
159,movie,8,FALSE,FALSE,6:29 PM,1:49 PM,Comedy,,,
160,movie,11,FALSE,FALSE,10:53 PM,9:16 PM,Thriller,,,
161,movie,11,FALSE,FALSE,11:49 AM,12:43 PM,Drama,,,
162,movie,11,FALSE,FALSE,11:47 AM,7:21 AM,Action,,,
163,movie,8,FALSE,FALSE,3:29 PM,2:09 AM,Drama,,,
164,movie,7,FALSE,FALSE,11:14 AM,5:36 PM,Drama,,,
165,movie,9,FALSE,FALSE,5:35 AM,7:48 AM,Drama,,,
166,movie,11,FALSE,FALSE,8:43 PM,2:12 PM,Drama,,,
167,movie,14,FALSE,FALSE,3:22 PM,3:50 AM,Action,,,
168,movie,11,FALSE,FALSE,9:30 AM,4:51 PM,Thriller,,,
169,movie,12,FALSE,FALSE,6:11 AM,7:56 AM,Drama,,,
170,movie,9,FALSE,FALSE,2:09 AM,9:53 PM,Comedy,,,
171,movie,9,FALSE,FALSE,6:25 PM,1:51 PM,Thriller,,,
172,movie,9,FALSE,FALSE,10:05 PM,12:01 AM,Drama,,,
173,movie,11,FALSE,FALSE,8:40 PM,9:03 PM,Comedy,,,
174,movie,12,FALSE,FALSE,4:00 PM,1:14 AM,Action,,,
175,movie,13,FALSE,FALSE,11:52 PM,1:53 AM,Comedy,,,
176,movie,13,FALSE,FALSE,3:17 AM,10:23 PM,Thriller,,,
177,movie,10,FALSE,FALSE,9:40 PM,7:49 AM,Drama,,,
178,movie,6,FALSE,FALSE,10:32 PM,3:08 AM,Drama,,,
179,movie,8,FALSE,FALSE,8:54 PM,9:02 PM,Comedy,,,
180,movie,9,FALSE,FALSE,1:15 PM,8:41 AM,Action,,,
181,movie,10,FALSE,FALSE,4:11 PM,4:21 AM,Drama,,,
182,movie,12,FALSE,FALSE,3:56 PM,7:58 AM,Action,,,
183,movie,8,FALSE,FALSE,2:38 AM,5:16 AM,Thriller,,,
184,movie,14,FALSE,FALSE,9:27 PM,7:49 AM,Thriller,,,
185,movie,12,FALSE,FALSE,9:56 PM,8:22 PM,Drama,,,
186,movie,10,FALSE,FALSE,12:28 AM,1:03 PM,Thriller,,,
187,movie,7,FALSE,FALSE,9:28 PM,1:42 PM,Drama,,,
188,movie,13,FALSE,FALSE,4:35 AM,12:46 PM,Comedy,,,
189,movie,14,FALSE,FALSE,10:09 AM,4:22 PM,Comedy,,,
190,movie,11,FALSE,FALSE,6:17 AM,9:14 PM,Thriller,,,
191,movie,9,FALSE,FALSE,7:29 PM,10:41 PM,Thriller,,,
192,movie,9,FALSE,FALSE,8:26 PM,1:38 AM,Action,,,
193,movie,14,FALSE,FALSE,1:41 PM,3:36 AM,Thriller,,,
194,movie,8,FALSE,FALSE,10:05 AM,10:27 PM,Thriller,,,
195,movie,12,FALSE,FALSE,10:12 PM,11:24 PM,Comedy,,,
196,movie,10,FALSE,FALSE,9:18 PM,9:59 AM,Drama,,,
197,movie,7,FALSE,FALSE,7:26 PM,4:14 AM,Comedy,,,
198,movie,9,FALSE,FALSE,10:08 PM,12:17 PM,Action,,,
199,movie,10,FALSE,FALSE,10:37 AM,5:46 AM,Comedy,,,
200,movie,9,FALSE,FALSE,3:09 PM,1:21 AM,Thriller,,,
201,movie,9,FALSE,FALSE,9:38 PM,11:54 AM,Action,,,
202,movie,8,FALSE,FALSE,9:58 AM,3:06 PM,Comedy,,,
203,movie,11,FALSE,FALSE,11:58 PM,4:16 AM,Action,,,
204,movie,12,FALSE,FALSE,11:06 PM,2:28 AM,Drama,,,
205,movie,10,FALSE,FALSE,3:56 AM,1:30 AM,Thriller,,,
206,movie,10,FALSE,FALSE,3:46 PM,9:27 PM,Drama,,,
207,movie,9,FALSE,FALSE,10:06 AM,3:11 AM,Comedy,,,
208,movie,11,FALSE,FALSE,8:00 AM,8:49 PM,Action,,,
209,movie,8,FALSE,FALSE,6:28 AM,3:54 AM,Drama,,,
210,movie,13,FALSE,FALSE,9:00 AM,5:22 AM,Comedy,,,
211,movie,9,FALSE,FALSE,1:59 PM,2:00 PM,Action,,,
212,movie,10,FALSE,FALSE,2:46 AM,1:27 PM,Comedy,,,
213,movie,8,FALSE,FALSE,5:44 AM,7:47 PM,Thriller,,,
214,movie,10,FALSE,FALSE,5:25 AM,2:06 PM,Thriller,,,
215,movie,10,FALSE,FALSE,5:16 PM,5:09 PM,Drama,,,
216,movie,11,FALSE,FALSE,8:29 AM,10:15 PM,Comedy,,,
217,movie,5,FALSE,FALSE,11:58 AM,1:23 PM,Action,,,
218,movie,10,FALSE,FALSE,6:36 PM,8:04 PM,Thriller,,,
219,movie,9,FALSE,FALSE,3:26 PM,9:46 AM,Thriller,,,
220,movie,11,FALSE,FALSE,6:58 PM,12:47 AM,Action,,,
221,movie,12,FALSE,FALSE,6:56 AM,4:23 PM,Action,,,
222,movie,12,FALSE,FALSE,10:24 PM,2:09 PM,Action,,,
223,movie,11,FALSE,FALSE,3:32 PM,11:06 PM,Action,,,
224,movie,13,FALSE,FALSE,12:00 PM,9:27 AM,Action,,,
225,movie,5,FALSE,FALSE,11:50 PM,1:26 AM,Thriller,,,
226,movie,6,FALSE,FALSE,9:53 AM,9:29 AM,Action,,,
227,movie,6,FALSE,FALSE,7:48 PM,11:25 AM,Drama,,,
228,movie,12,FALSE,FALSE,5:31 PM,9:57 AM,Thriller,,,
229,movie,6,FALSE,FALSE,4:16 AM,12:54 PM,Drama,,,
230,movie,8,FALSE,FALSE,2:12 PM,7:03 PM,Action,,,
231,movie,14,FALSE,FALSE,11:56 AM,9:10 PM,Comedy,,,
232,movie,10,FALSE,FALSE,3:46 AM,7:21 AM,Thriller,,,
233,movie,11,FALSE,FALSE,6:06 PM,9:18 PM,Action,,,
234,movie,11,FALSE,FALSE,4:22 AM,8:14 AM,Action,,,
235,movie,13,FALSE,FALSE,11:08 PM,8:50 PM,Comedy,,,
236,movie,12,FALSE,FALSE,5:55 PM,8:34 PM,Comedy,,,
237,movie,3,FALSE,FALSE,1:46 AM,12:36 AM,Action,,,
238,movie,12,FALSE,FALSE,3:29 AM,2:55 AM,Thriller,,,
239,movie,13,FALSE,FALSE,9:13 AM,11:19 PM,Thriller,,,
240,movie,9,FALSE,FALSE,12:15 PM,2:12 PM,Thriller,,,
241,movie,12,FALSE,FALSE,8:31 AM,10:33 AM,Drama,,,
242,movie,12,FALSE,FALSE,3:16 PM,8:55 PM,Action,,,
243,movie,13,FALSE,FALSE,11:39 AM,8:43 AM,Thriller,,,
244,movie,8,FALSE,FALSE,8:24 AM,10:58 AM,Drama,,,
245,movie,10,FALSE,FALSE,1:27 PM,11:09 PM,Drama,,,
246,movie,12,FALSE,FALSE,2:26 PM,9:05 PM,Action,,,
247,movie,8,FALSE,FALSE,11:57 AM,4:14 PM,Drama,,,
248,movie,7,FALSE,FALSE,11:44 PM,10:51 AM,Thriller,,,
249,movie,9,FALSE,FALSE,10:02 AM,3:53 PM,Drama,,,
250,movie,11,FALSE,FALSE,6:05 PM,4:16 PM,Drama,,,
251,movie,10,FALSE,FALSE,3:48 AM,2:13 PM,Comedy,,,
252,movie,13,FALSE,FALSE,11:22 PM,8:13 PM,Action,,,
253,movie,9,FALSE,FALSE,9:10 AM,1:07 PM,Action,,,
254,movie,10,FALSE,FALSE,2:29 PM,1:19 PM,Action,,,
255,movie,7,FALSE,FALSE,11:53 AM,3:51 AM,Thriller,,,
256,movie,11,FALSE,FALSE,12:38 PM,12:58 PM,Thriller,,,
257,movie,7,FALSE,FALSE,10:08 PM,6:28 PM,Drama,,,
258,movie,9,FALSE,FALSE,3:54 PM,12:43 AM,Drama,,,
259,movie,11,FALSE,FALSE,10:01 AM,7:13 PM,Thriller,,,
260,movie,11,FALSE,FALSE,9:40 PM,3:34 AM,Drama,,,
261,movie,12,FALSE,FALSE,3:24 AM,11:53 PM,Drama,,,
262,movie,9,FALSE,FALSE,9:28 AM,12:20 AM,Drama,,,
263,movie,9,FALSE,FALSE,11:45 PM,1:50 AM,Drama,,,
264,movie,11,FALSE,FALSE,12:34 AM,7:15 PM,Action,,,
265,movie,9,FALSE,FALSE,3:15 AM,11:10 AM,Drama,,,
266,movie,8,FALSE,FALSE,4:30 AM,6:12 PM,Drama,,,
267,movie,12,FALSE,FALSE,11:40 PM,4:23 PM,Thriller,,,
268,movie,13,FALSE,FALSE,5:09 PM,1:00 PM,Drama,,,
269,movie,10,FALSE,FALSE,4:08 AM,12:37 AM,Action,,,
270,movie,9,FALSE,FALSE,6:13 AM,6:45 AM,Drama,,,
271,movie,7,FALSE,FALSE,6:14 PM,11:07 PM,Thriller,,,
272,movie,10,FALSE,FALSE,9:24 PM,6:41 PM,Comedy,,,
273,movie,10,FALSE,FALSE,10:08 AM,11:00 AM,Comedy,,,
274,movie,10,FALSE,FALSE,3:09 PM,11:29 PM,Action,,,
275,movie,10,FALSE,FALSE,6:02 PM,6:40 AM,Comedy,,,
276,movie,10,FALSE,FALSE,11:35 PM,7:44 PM,Drama,,,
277,movie,13,FALSE,FALSE,10:25 PM,8:12 PM,Drama,,,
278,movie,9,FALSE,FALSE,7:18 AM,1:08 AM,Comedy,,,
279,movie,12,FALSE,FALSE,10:01 AM,7:07 PM,Action,,,
280,movie,9,FALSE,FALSE,12:42 PM,6:01 AM,Thriller,,,
281,movie,10,FALSE,FALSE,6:00 AM,8:27 AM,Drama,,,
282,movie,9,FALSE,FALSE,5:19 PM,12:16 PM,Thriller,,,
283,movie,12,FALSE,FALSE,10:08 PM,8:46 AM,Comedy,,,
284,movie,12,FALSE,FALSE,7:03 PM,3:01 AM,Action,,,
285,movie,12,FALSE,FALSE,7:49 PM,6:28 PM,Action,,,
286,movie,9,FALSE,FALSE,4:08 AM,8:08 AM,Drama,,,
287,movie,10,FALSE,FALSE,3:24 PM,8:22 AM,Drama,,,
288,movie,12,FALSE,FALSE,8:52 PM,10:24 AM,Comedy,,,
289,movie,12,FALSE,FALSE,3:30 AM,9:24 AM,Drama,,,
290,movie,11,FALSE,FALSE,5:07 PM,2:03 PM,Thriller,,,
291,movie,9,FALSE,FALSE,3:56 AM,3:58 PM,Thriller,,,
292,movie,7,FALSE,FALSE,10:00 PM,12:22 AM,Drama,,,
293,movie,8,FALSE,FALSE,7:40 PM,5:13 PM,Comedy,,,
294,movie,10,FALSE,FALSE,11:06 AM,7:19 PM,Thriller,,,
295,movie,9,FALSE,FALSE,6:00 PM,9:55 AM,Comedy,,,
296,movie,7,FALSE,FALSE,3:36 AM,1:48 AM,Drama,,,
297,movie,9,FALSE,FALSE,3:35 AM,11:36 AM,Action,,,
298,movie,10,FALSE,FALSE,4:27 AM,2:08 PM,Drama,,,
299,movie,9,FALSE,FALSE,4:28 PM,9:24 AM,Action,,,
300,movie,9,FALSE,FALSE,2:28 PM,10:46 AM,Action,,,
301,movie,5,FALSE,FALSE,11:21 PM,3:34 AM,Action,,,
302,movie,8,FALSE,FALSE,4:26 PM,9:24 PM,Comedy,,,
303,movie,7,FALSE,FALSE,4:57 PM,10:51 PM,Thriller,,,
304,movie,8,FALSE,FALSE,12:37 PM,7:14 PM,Comedy,,,
305,movie,13,FALSE,FALSE,2:41 AM,8:27 PM,Drama,,,
306,movie,10,FALSE,FALSE,3:39 AM,5:00 PM,Drama,,,
307,movie,11,FALSE,FALSE,10:16 PM,6:11 AM,Thriller,,,
308,movie,11,FALSE,FALSE,3:55 AM,9:05 AM,Comedy,,,
309,movie,10,FALSE,FALSE,1:22 PM,9:17 PM,Action,,,
310,movie,10,FALSE,FALSE,7:12 AM,6:45 AM,Thriller,,,
311,movie,8,FALSE,FALSE,12:58 PM,6:06 AM,Comedy,,,
312,movie,9,FALSE,FALSE,3:08 AM,12:35 PM,Action,,,
313,movie,9,FALSE,FALSE,12:49 PM,4:27 AM,Comedy,,,
314,movie,10,FALSE,FALSE,1:44 PM,1:08 AM,Thriller,,,
315,movie,11,FALSE,FALSE,8:36 PM,11:55 PM,Action,,,
316,movie,10,FALSE,FALSE,6:28 PM,6:26 PM,Action,,,
317,movie,7,FALSE,FALSE,4:02 PM,9:21 AM,Drama,,,
318,movie,9,FALSE,FALSE,4:19 AM,4:21 PM,Action,,,
319,movie,11,FALSE,FALSE,6:15 PM,6:29 AM,Drama,,,
320,movie,8,FALSE,FALSE,6:52 PM,10:42 AM,Comedy,,,
321,movie,11,FALSE,FALSE,4:19 AM,2:53 AM,Comedy,,,
322,movie,12,FALSE,FALSE,4:07 PM,4:36 AM,Comedy,,,
323,movie,13,FALSE,FALSE,5:28 AM,6:04 PM,Comedy,,,
324,movie,12,FALSE,FALSE,4:38 PM,6:21 PM,Drama,,,
325,movie,10,FALSE,FALSE,3:45 PM,12:43 PM,Thriller,,,
326,movie,10,FALSE,FALSE,6:47 AM,2:28 AM,Drama,,,
327,movie,7,FALSE,FALSE,4:25 PM,11:35 PM,Comedy,,,
328,movie,9,FALSE,FALSE,12:11 PM,5:00 AM,Comedy,,,
329,movie,7,FALSE,FALSE,11:35 AM,1:33 PM,Thriller,,,
330,movie,8,FALSE,FALSE,4:15 AM,6:27 AM,Drama,,,
331,movie,11,FALSE,FALSE,4:05 PM,4:32 PM,Comedy,,,
332,movie,9,FALSE,FALSE,5:17 AM,7:50 PM,Drama,,,
333,movie,9,FALSE,FALSE,1:10 PM,4:56 PM,Comedy,,,
334,movie,10,FALSE,FALSE,1:07 AM,6:40 AM,Action,,,
335,movie,5,FALSE,FALSE,10:26 AM,8:20 AM,Thriller,,,
336,movie,10,FALSE,FALSE,3:39 PM,4:03 PM,Action,,,
337,movie,12,FALSE,FALSE,4:22 PM,5:31 AM,Comedy,,,
338,movie,10,FALSE,FALSE,3:30 PM,12:31 PM,Thriller,,,
339,movie,10,FALSE,FALSE,2:34 PM,5:00 PM,Action,,,
340,movie,7,FALSE,FALSE,7:18 PM,10:24 AM,Thriller,,,
341,movie,8,FALSE,FALSE,12:24 AM,6:36 AM,Thriller,,,
342,movie,9,FALSE,FALSE,9:28 PM,8:14 AM,Thriller,,,
343,movie,10,FALSE,FALSE,4:18 PM,6:52 AM,Comedy,,,
344,movie,11,FALSE,FALSE,4:30 PM,1:28 PM,Comedy,,,
345,movie,6,FALSE,FALSE,2:25 AM,12:52 AM,Action,,,
346,movie,10,FALSE,FALSE,11:12 AM,1:43 PM,Action,,,
347,movie,12,FALSE,FALSE,5:55 PM,3:16 PM,Action,,,
348,movie,12,FALSE,FALSE,2:23 AM,7:26 AM,Comedy,,,
349,movie,14,FALSE,FALSE,3:46 AM,9:36 AM,Action,,,
350,movie,11,FALSE,FALSE,4:06 PM,1:02 PM,Drama,,,
351,movie,12,FALSE,FALSE,2:23 PM,10:45 AM,Comedy,,,
352,movie,7,FALSE,FALSE,10:16 PM,5:49 PM,Comedy,,,
353,movie,7,FALSE,FALSE,7:32 PM,11:02 AM,Action,,,
354,movie,5,FALSE,FALSE,1:17 AM,12:50 AM,Action,,,
355,movie,8,FALSE,FALSE,8:48 AM,7:46 PM,Drama,,,
356,movie,10,FALSE,FALSE,9:58 AM,7:34 AM,Comedy,,,
357,movie,11,FALSE,FALSE,3:08 AM,5:58 AM,Thriller,,,
358,movie,7,FALSE,FALSE,10:53 AM,2:01 PM,Action,,,
359,movie,9,FALSE,FALSE,9:49 AM,11:24 PM,Comedy,,,
360,movie,7,FALSE,FALSE,10:44 PM,10:14 PM,Comedy,,,
361,movie,13,FALSE,FALSE,11:38 PM,7:32 AM,Comedy,,,
362,movie,11,FALSE,FALSE,1:33 AM,4:34 AM,Comedy,,,
363,movie,11,FALSE,FALSE,12:06 PM,10:38 PM,Thriller,,,
364,movie,11,FALSE,FALSE,5:22 PM,10:12 AM,Drama,,,
365,movie,10,FALSE,FALSE,7:55 PM,6:51 AM,Thriller,,,
366,movie,11,FALSE,FALSE,8:51 PM,7:10 AM,Comedy,,,
367,movie,10,FALSE,FALSE,5:45 PM,8:31 AM,Drama,,,
368,movie,7,FALSE,FALSE,2:00 PM,11:31 PM,Comedy,,,
369,movie,7,FALSE,FALSE,9:38 PM,10:55 AM,Action,,,
370,movie,9,FALSE,FALSE,10:41 PM,3:17 AM,Comedy,,,
371,movie,10,FALSE,FALSE,4:49 AM,6:07 AM,Comedy,,,
372,movie,11,FALSE,FALSE,2:44 PM,2:35 PM,Comedy,,,
373,movie,10,FALSE,FALSE,2:43 AM,7:57 PM,Comedy,,,
374,movie,9,FALSE,FALSE,8:02 PM,7:34 PM,Thriller,,,
375,movie,9,FALSE,FALSE,12:23 PM,10:28 AM,Action,,,
376,movie,11,FALSE,FALSE,11:37 AM,5:41 PM,Drama,,,
377,movie,5,FALSE,FALSE,3:11 AM,5:26 PM,Thriller,,,
378,movie,10,FALSE,FALSE,11:02 PM,1:08 PM,Comedy,,,
379,movie,12,FALSE,FALSE,1:07 AM,4:18 AM,Action,,,
380,movie,6,FALSE,FALSE,7:53 PM,12:46 PM,Thriller,,,
381,movie,9,FALSE,FALSE,6:24 PM,11:13 AM,Drama,,,
382,movie,13,FALSE,FALSE,4:13 PM,6:25 PM,Drama,,,
383,movie,13,FALSE,FALSE,3:34 AM,3:45 AM,Drama,,,
384,movie,10,FALSE,FALSE,4:48 PM,6:12 AM,Drama,,,
385,movie,8,FALSE,FALSE,5:07 PM,7:40 AM,Thriller,,,
386,movie,9,FALSE,FALSE,11:14 AM,12:08 PM,Drama,,,
387,movie,12,FALSE,FALSE,8:44 PM,10:08 AM,Action,,,
388,movie,7,FALSE,FALSE,9:36 PM,4:32 PM,Drama,,,
389,movie,8,FALSE,FALSE,3:40 AM,6:46 AM,Thriller,,,
390,movie,9,FALSE,FALSE,8:54 PM,1:54 PM,Drama,,,
391,movie,9,FALSE,FALSE,12:20 PM,7:04 AM,Action,,,
392,movie,10,FALSE,FALSE,2:22 PM,2:43 AM,Action,,,
393,movie,9,FALSE,FALSE,1:08 AM,6:45 PM,Thriller,,,
394,movie,8,FALSE,FALSE,11:35 PM,1:23 AM,Action,,,
395,movie,11,FALSE,FALSE,1:33 AM,2:08 AM,Comedy,,,
396,movie,10,FALSE,FALSE,12:30 AM,12:36 PM,Thriller,,,
397,movie,12,FALSE,FALSE,1:32 PM,5:31 PM,Comedy,,,
398,movie,15,FALSE,FALSE,8:29 PM,11:32 AM,Action,,,
399,movie,13,FALSE,FALSE,6:43 PM,11:50 PM,Action,,,
400,movie,8,FALSE,FALSE,3:52 PM,1:03 PM,Action,,,
401,movie,7,FALSE,FALSE,11:39 PM,5:26 PM,Drama,,,
402,movie,10,FALSE,FALSE,7:45 PM,2:20 AM,Comedy,,,
403,movie,10,FALSE,FALSE,8:18 AM,3:49 AM,Action,,,
404,movie,11,FALSE,FALSE,8:21 PM,5:24 PM,Comedy,,,
405,movie,9,FALSE,FALSE,3:21 AM,11:49 AM,Action,,,
406,movie,12,FALSE,FALSE,6:56 AM,8:40 PM,Drama,,,
407,movie,11,FALSE,FALSE,5:14 PM,5:37 PM,Drama,,,
408,movie,15,FALSE,FALSE,9:56 PM,9:18 PM,Thriller,,,
409,movie,13,FALSE,FALSE,12:25 AM,9:17 AM,Action,,,
410,movie,12,FALSE,FALSE,9:40 AM,11:10 PM,Drama,,,
411,movie,11,FALSE,FALSE,3:00 AM,1:43 AM,Drama,,,
412,movie,15,FALSE,FALSE,3:28 AM,6:47 AM,Action,,,
413,movie,11,FALSE,FALSE,3:11 AM,10:22 PM,Comedy,,,
414,movie,9,FALSE,FALSE,10:10 PM,2:25 AM,Thriller,,,
415,movie,11,FALSE,FALSE,11:19 AM,9:48 AM,Comedy,,,
416,movie,13,FALSE,FALSE,12:21 PM,8:34 PM,Action,,,
417,movie,10,FALSE,FALSE,4:03 AM,6:03 PM,Comedy,,,
418,movie,10,FALSE,FALSE,12:29 AM,12:30 AM,Thriller,,,
419,movie,10,FALSE,FALSE,11:52 PM,6:00 PM,Comedy,,,
420,movie,11,FALSE,FALSE,2:43 AM,9:11 AM,Comedy,,,
421,movie,6,FALSE,FALSE,11:23 AM,1:30 PM,Action,,,
422,movie,9,FALSE,FALSE,9:26 AM,7:58 AM,Thriller,,,
423,movie,7,FALSE,FALSE,6:22 PM,10:57 PM,Drama,,,
424,movie,11,FALSE,FALSE,7:30 PM,7:33 PM,Comedy,,,
425,movie,7,FALSE,FALSE,4:25 AM,8:08 PM,Action,,,
426,movie,11,FALSE,FALSE,12:39 AM,7:25 PM,Comedy,,,
427,movie,13,FALSE,FALSE,7:03 PM,2:48 AM,Thriller,,,
428,movie,12,FALSE,FALSE,8:00 PM,7:16 PM,Thriller,,,
429,movie,8,FALSE,FALSE,12:02 PM,5:44 PM,Action,,,
430,movie,11,FALSE,FALSE,5:08 AM,8:34 AM,Thriller,,,
431,movie,9,FALSE,FALSE,1:42 PM,8:32 PM,Comedy,,,
432,movie,12,FALSE,FALSE,12:20 AM,1:39 AM,Comedy,,,
433,movie,10,FALSE,FALSE,6:05 PM,4:26 PM,Drama,,,
434,movie,10,FALSE,FALSE,10:37 AM,10:39 AM,Action,,,
435,movie,9,FALSE,FALSE,9:53 PM,4:49 AM,Drama,,,
436,movie,12,FALSE,FALSE,4:01 AM,12:56 PM,Drama,,,
437,movie,9,FALSE,FALSE,4:09 AM,1:43 AM,Comedy,,,
438,movie,14,FALSE,FALSE,12:24 AM,5:41 AM,Action,,,
439,movie,10,FALSE,FALSE,11:30 AM,6:32 PM,Comedy,,,
440,movie,14,FALSE,FALSE,6:09 PM,9:16 AM,Thriller,,,
441,movie,11,FALSE,FALSE,11:31 PM,4:23 PM,Action,,,
442,movie,9,FALSE,FALSE,8:20 PM,6:54 PM,Action,,,
443,movie,10,FALSE,FALSE,3:11 AM,2:26 AM,Thriller,,,
444,movie,10,FALSE,FALSE,11:03 AM,7:07 PM,Drama,,,
445,movie,9,FALSE,FALSE,7:08 PM,4:36 PM,Drama,,,
446,movie,9,FALSE,FALSE,5:50 AM,9:05 AM,Drama,,,
447,movie,9,FALSE,FALSE,4:47 AM,6:01 PM,Thriller,,,
448,movie,12,FALSE,FALSE,3:03 AM,3:32 AM,Action,,,
449,movie,10,FALSE,FALSE,7:29 AM,3:25 AM,Drama,,,
450,movie,14,FALSE,FALSE,2:14 PM,2:06 PM,Drama,,,
451,movie,10,FALSE,FALSE,4:01 AM,9:37 AM,Comedy,,,
452,movie,11,FALSE,FALSE,9:50 AM,12:45 AM,Drama,,,
453,movie,10,FALSE,FALSE,1:18 PM,1:31 PM,Thriller,,,
454,movie,9,FALSE,FALSE,6:13 AM,6:14 AM,Drama,,,
455,movie,9,FALSE,FALSE,12:54 AM,2:04 AM,Drama,,,
456,movie,12,FALSE,FALSE,5:43 AM,1:50 PM,Drama,,,
457,movie,12,FALSE,FALSE,10:15 AM,7:43 PM,Comedy,,,
458,movie,12,FALSE,FALSE,3:37 AM,3:14 PM,Action,,,
459,movie,13,FALSE,FALSE,10:04 PM,8:35 PM,Action,,,
460,movie,11,FALSE,FALSE,4:24 PM,9:49 PM,Thriller,,,
461,movie,11,FALSE,FALSE,12:05 PM,12:06 AM,Action,,,
462,movie,11,FALSE,FALSE,4:45 PM,4:03 AM,Drama,,,
463,movie,6,FALSE,FALSE,5:03 AM,9:18 PM,Comedy,,,
464,movie,9,FALSE,FALSE,7:50 AM,9:22 AM,Drama,,,
465,movie,10,FALSE,FALSE,10:37 AM,5:10 AM,Action,,,
466,movie,10,FALSE,FALSE,2:22 PM,6:22 PM,Thriller,,,
467,movie,9,FALSE,FALSE,9:00 AM,12:20 PM,Action,,,
468,movie,13,FALSE,FALSE,3:41 AM,8:20 PM,Action,,,
469,movie,6,FALSE,FALSE,8:45 PM,9:00 AM,Thriller,,,
470,movie,9,FALSE,FALSE,8:17 PM,9:24 AM,Action,,,
471,movie,10,FALSE,FALSE,4:05 AM,9:30 PM,Thriller,,,
472,movie,10,FALSE,FALSE,5:42 AM,5:09 PM,Thriller,,,
473,movie,9,FALSE,FALSE,9:19 AM,4:32 AM,Thriller,,,
474,movie,13,FALSE,FALSE,11:02 PM,10:59 PM,Drama,,,
475,movie,9,FALSE,FALSE,4:02 AM,9:15 AM,Action,,,
476,movie,15,FALSE,FALSE,8:57 PM,12:04 PM,Comedy,,,
477,movie,13,FALSE,FALSE,4:12 AM,6:22 PM,Thriller,,,
478,movie,11,FALSE,FALSE,3:28 PM,9:37 PM,Comedy,,,
479,movie,11,FALSE,FALSE,12:32 AM,1:10 AM,Drama,,,
480,movie,7,FALSE,FALSE,6:35 AM,9:13 PM,Drama,,,
481,movie,9,FALSE,FALSE,10:05 PM,1:55 AM,Thriller,,,
482,movie,9,FALSE,FALSE,1:48 AM,1:54 PM,Thriller,,,
483,movie,13,FALSE,FALSE,10:52 AM,2:19 PM,Thriller,,,
484,movie,8,FALSE,FALSE,5:40 PM,10:28 AM,Action,,,
485,movie,11,FALSE,FALSE,3:51 PM,3:27 PM,Thriller,,,
486,movie,9,FALSE,FALSE,9:16 AM,3:14 AM,Comedy,,,
487,movie,11,FALSE,FALSE,10:09 PM,7:19 AM,Drama,,,
488,movie,12,FALSE,FALSE,4:18 PM,9:16 PM,Drama,,,
489,movie,13,FALSE,FALSE,4:29 AM,2:15 PM,Drama,,,
490,movie,12,FALSE,FALSE,5:17 AM,3:14 AM,Thriller,,,
491,movie,13,FALSE,FALSE,9:17 AM,6:11 AM,Drama,,,
492,movie,13,FALSE,FALSE,10:02 AM,6:07 PM,Action,,,
493,movie,8,FALSE,FALSE,10:48 AM,6:34 AM,Drama,,,
494,movie,11,FALSE,FALSE,2:54 PM,6:48 PM,Thriller,,,
495,movie,12,FALSE,FALSE,10:15 AM,7:39 PM,Thriller,,,
496,movie,9,FALSE,FALSE,6:04 AM,1:11 PM,Comedy,,,
497,movie,8,FALSE,FALSE,8:53 PM,6:17 PM,Action,,,
498,movie,7,FALSE,FALSE,5:22 PM,12:53 AM,Drama,,,
499,movie,13,FALSE,FALSE,12:16 AM,1:12 PM,Drama,,,
500,movie,10,FALSE,FALSE,5:05 PM,7:44 PM,Thriller,,,
501,movie,14,FALSE,FALSE,6:04 PM,3:16 AM,Thriller,,,
502,movie,12,FALSE,FALSE,1:01 PM,3:00 AM,Drama,,,
503,movie,12,FALSE,FALSE,4:15 PM,7:23 PM,Action,,,
504,movie,9,FALSE,FALSE,6:02 AM,2:00 AM,Thriller,,,
505,movie,10,FALSE,FALSE,11:31 AM,4:56 PM,Thriller,,,
506,movie,15,FALSE,FALSE,10:19 PM,2:45 AM,Drama,,,
507,movie,6,FALSE,FALSE,1:49 AM,11:48 PM,Action,,,
508,movie,6,FALSE,FALSE,8:15 PM,9:32 PM,Comedy,,,
509,movie,9,FALSE,FALSE,11:29 PM,12:52 AM,Action,,,
510,movie,11,FALSE,FALSE,11:29 AM,9:00 AM,Action,,,
511,movie,9,FALSE,FALSE,1:36 PM,12:31 PM,Thriller,,,
512,movie,8,FALSE,FALSE,3:36 PM,1:10 PM,Thriller,,,
513,movie,12,FALSE,FALSE,11:43 AM,8:04 AM,Action,,,
514,movie,11,FALSE,FALSE,7:06 PM,4:52 PM,Action,,,
515,movie,13,FALSE,FALSE,4:59 AM,6:19 PM,Action,,,
516,movie,12,FALSE,FALSE,10:55 PM,2:59 PM,Action,,,
517,movie,12,FALSE,FALSE,8:52 AM,9:57 AM,Action,,,
518,movie,14,FALSE,FALSE,3:04 AM,7:45 AM,Drama,,,
519,movie,13,FALSE,FALSE,10:29 AM,10:44 AM,Thriller,,,
520,movie,10,FALSE,FALSE,3:59 PM,2:37 PM,Thriller,,,
521,movie,9,FALSE,FALSE,10:42 PM,11:03 PM,Thriller,,,
522,movie,7,FALSE,FALSE,4:42 PM,1:08 AM,Thriller,,,
523,movie,10,FALSE,FALSE,4:16 AM,3:08 PM,Thriller,,,
524,movie,11,FALSE,FALSE,10:05 PM,7:28 AM,Thriller,,,
525,movie,14,FALSE,FALSE,1:09 AM,1:41 AM,Drama,,,
526,movie,8,FALSE,FALSE,3:42 PM,3:47 AM,Action,,,
527,movie,12,FALSE,FALSE,10:52 PM,10:47 AM,Drama,,,
528,movie,10,FALSE,FALSE,5:34 PM,3:23 PM,Comedy,,,
529,movie,11,FALSE,FALSE,1:01 PM,9:53 PM,Action,,,
530,movie,10,FALSE,FALSE,5:45 PM,6:37 AM,Action,,,
531,movie,10,FALSE,FALSE,12:04 AM,9:24 PM,Drama,,,
532,movie,8,FALSE,FALSE,7:35 AM,8:05 AM,Action,,,
533,movie,8,FALSE,FALSE,11:58 PM,8:52 AM,Thriller,,,
534,movie,8,FALSE,FALSE,5:00 AM,5:57 PM,Drama,,,
535,movie,6,FALSE,FALSE,9:15 AM,10:54 AM,Action,,,
536,movie,7,FALSE,FALSE,12:41 AM,11:41 AM,Thriller,,,
537,movie,10,FALSE,FALSE,8:26 AM,3:30 PM,Action,,,
538,movie,7,FALSE,FALSE,11:32 PM,9:55 AM,Comedy,,,
539,movie,9,FALSE,FALSE,3:40 AM,11:49 PM,Action,,,
540,movie,8,FALSE,FALSE,12:59 PM,2:37 AM,Comedy,,,
541,movie,10,FALSE,FALSE,12:41 AM,2:14 PM,Drama,,,
542,movie,11,FALSE,FALSE,9:12 AM,6:37 PM,Action,,,
543,movie,11,FALSE,FALSE,7:32 PM,8:27 PM,Thriller,,,
544,movie,10,FALSE,FALSE,10:24 AM,10:42 PM,Drama,,,
545,movie,12,FALSE,FALSE,5:05 AM,2:09 PM,Action,,,
546,movie,13,FALSE,FALSE,6:58 PM,3:30 AM,Comedy,,,
547,movie,10,FALSE,FALSE,3:51 AM,5:15 PM,Thriller,,,
548,movie,11,FALSE,FALSE,4:54 AM,5:09 PM,Drama,,,
549,movie,11,FALSE,FALSE,8:41 AM,3:52 PM,Drama,,,
550,movie,7,FALSE,FALSE,1:39 AM,10:54 PM,Thriller,,,
551,movie,14,FALSE,FALSE,7:30 AM,7:08 AM,Thriller,,,
552,movie,12,FALSE,FALSE,2:01 PM,9:18 PM,Drama,,,
553,movie,13,FALSE,FALSE,6:01 AM,8:01 PM,Comedy,,,
554,movie,12,FALSE,FALSE,7:15 AM,6:42 AM,Drama,,,
555,movie,8,FALSE,FALSE,5:25 AM,4:27 PM,Drama,,,
556,movie,8,FALSE,FALSE,5:37 AM,4:42 AM,Thriller,,,
557,movie,8,FALSE,FALSE,3:35 PM,9:38 PM,Action,,,
558,movie,9,FALSE,FALSE,2:43 AM,8:40 AM,Thriller,,,
559,movie,12,FALSE,FALSE,3:10 PM,10:47 AM,Drama,,,
560,movie,11,FALSE,FALSE,10:53 AM,1:43 AM,Thriller,,,
561,movie,10,FALSE,FALSE,10:32 PM,8:23 PM,Thriller,,,
562,movie,10,FALSE,FALSE,7:28 AM,11:25 AM,Action,,,
563,movie,8,FALSE,FALSE,4:36 PM,3:26 PM,Action,,,
564,movie,11,FALSE,FALSE,8:46 AM,4:45 AM,Thriller,,,
565,movie,10,FALSE,FALSE,5:58 AM,3:18 AM,Comedy,,,
566,movie,10,FALSE,FALSE,11:02 AM,8:17 PM,Action,,,
567,movie,17,FALSE,FALSE,10:04 PM,3:50 PM,Action,,,
568,movie,10,FALSE,FALSE,9:00 AM,10:46 PM,Comedy,,,
569,movie,6,FALSE,FALSE,1:54 PM,8:30 PM,Action,,,
570,movie,9,FALSE,FALSE,4:03 AM,11:54 AM,Action,,,
571,movie,10,FALSE,FALSE,8:01 PM,7:08 AM,Action,,,
572,movie,11,FALSE,FALSE,4:25 PM,12:25 PM,Comedy,,,
573,movie,6,FALSE,FALSE,5:12 AM,3:43 AM,Drama,,,
574,movie,8,FALSE,FALSE,11:05 PM,10:29 AM,Thriller,,,
575,movie,6,FALSE,FALSE,12:24 AM,2:43 PM,Drama,,,
576,movie,12,FALSE,FALSE,2:45 AM,10:25 AM,Action,,,
577,movie,10,FALSE,FALSE,7:01 PM,11:58 PM,Action,,,
578,movie,10,FALSE,FALSE,5:11 AM,10:00 PM,Thriller,,,
579,movie,7,FALSE,FALSE,12:25 PM,12:05 PM,Comedy,,,
580,movie,10,FALSE,FALSE,6:20 AM,1:07 PM,Drama,,,
581,movie,12,FALSE,FALSE,12:29 PM,10:37 PM,Action,,,
582,movie,13,FALSE,FALSE,12:14 AM,8:21 PM,Thriller,,,
583,movie,11,FALSE,FALSE,3:58 PM,3:20 PM,Drama,,,
584,movie,12,FALSE,FALSE,7:35 PM,7:58 AM,Drama,,,
585,movie,9,FALSE,FALSE,6:39 AM,10:43 AM,Comedy,,,
586,movie,12,FALSE,FALSE,9:41 AM,6:21 AM,Comedy,,,
587,movie,14,FALSE,FALSE,9:38 AM,1:38 PM,Comedy,,,
588,movie,11,FALSE,FALSE,1:51 AM,3:09 AM,Comedy,,,
589,movie,10,FALSE,FALSE,2:43 PM,11:17 AM,Comedy,,,
590,movie,9,FALSE,FALSE,7:34 AM,5:52 AM,Thriller,,,
591,movie,7,FALSE,FALSE,7:56 PM,9:43 AM,Comedy,,,
592,movie,9,FALSE,FALSE,1:54 PM,1:39 AM,Comedy,,,
593,movie,9,FALSE,FALSE,6:49 PM,6:19 PM,Action,,,
594,movie,11,FALSE,FALSE,4:40 AM,9:05 AM,Thriller,,,
595,movie,11,FALSE,FALSE,4:44 PM,9:47 AM,Drama,,,
596,movie,10,FALSE,FALSE,8:10 AM,10:59 AM,Comedy,,,
597,movie,8,FALSE,FALSE,3:53 PM,9:48 AM,Action,,,
598,movie,10,FALSE,FALSE,4:31 PM,4:45 AM,Action,,,
599,movie,10,FALSE,FALSE,5:15 AM,7:56 PM,Comedy,,,
600,movie,10,FALSE,FALSE,8:23 AM,7:36 AM,Thriller,,,
601,movie,11,FALSE,FALSE,6:23 AM,8:34 AM,Comedy,,,
602,movie,8,FALSE,FALSE,9:58 PM,5:00 AM,Comedy,,,
603,movie,7,FALSE,FALSE,2:46 PM,3:13 PM,Drama,,,
604,movie,8,FALSE,FALSE,3:14 PM,4:35 PM,Comedy,,,
605,movie,10,FALSE,FALSE,2:27 AM,6:11 AM,Action,,,
606,movie,9,FALSE,FALSE,11:28 PM,1:58 AM,Thriller,,,
607,movie,10,FALSE,FALSE,8:54 PM,4:19 PM,Drama,,,
608,movie,11,FALSE,FALSE,12:59 AM,7:50 PM,Action,,,
609,movie,9,FALSE,FALSE,12:36 AM,1:06 AM,Action,,,
610,movie,9,FALSE,FALSE,4:03 AM,12:45 AM,Thriller,,,
611,movie,8,FALSE,FALSE,10:34 PM,10:55 AM,Drama,,,
612,movie,10,FALSE,FALSE,6:56 AM,4:14 PM,Action,,,
613,movie,14,FALSE,FALSE,5:32 AM,9:06 AM,Drama,,,
614,movie,9,FALSE,FALSE,3:44 AM,4:59 PM,Thriller,,,
615,movie,11,FALSE,FALSE,12:53 AM,2:27 PM,Action,,,
616,movie,10,FALSE,FALSE,4:02 AM,1:33 AM,Drama,,,
617,movie,13,FALSE,FALSE,11:30 AM,1:01 AM,Thriller,,,
618,movie,10,FALSE,FALSE,12:03 AM,6:09 PM,Drama,,,
619,movie,9,FALSE,FALSE,2:28 AM,11:15 PM,Thriller,,,
620,movie,10,FALSE,FALSE,12:55 PM,9:18 PM,Drama,,,
621,movie,11,FALSE,FALSE,10:16 AM,4:02 PM,Comedy,,,
622,movie,13,FALSE,FALSE,2:59 AM,9:07 AM,Drama,,,
623,movie,8,FALSE,FALSE,4:06 PM,8:17 AM,Drama,,,
624,movie,11,FALSE,FALSE,1:00 AM,6:36 AM,Comedy,,,
625,movie,10,FALSE,FALSE,11:32 AM,5:19 AM,Thriller,,,
626,movie,10,FALSE,FALSE,9:01 AM,7:13 AM,Comedy,,,
627,movie,13,FALSE,FALSE,11:02 PM,5:14 PM,Thriller,,,
628,movie,9,FALSE,FALSE,5:50 AM,6:10 PM,Comedy,,,
629,movie,11,FALSE,FALSE,8:25 AM,6:04 PM,Action,,,
630,movie,6,FALSE,FALSE,6:50 AM,8:30 AM,Comedy,,,
631,movie,11,FALSE,FALSE,5:28 PM,4:17 AM,Comedy,,,
632,movie,6,FALSE,FALSE,8:45 AM,2:53 PM,Thriller,,,
633,movie,11,FALSE,FALSE,5:39 AM,4:27 PM,Drama,,,
634,movie,8,FALSE,FALSE,1:37 AM,2:25 PM,Comedy,,,
635,movie,12,FALSE,FALSE,6:29 PM,7:51 PM,Thriller,,,
636,movie,13,FALSE,FALSE,1:28 AM,3:08 AM,Drama,,,
637,movie,10,FALSE,FALSE,4:25 PM,3:46 PM,Comedy,,,
638,movie,11,FALSE,FALSE,6:58 PM,1:34 PM,Drama,,,
639,movie,7,FALSE,FALSE,8:32 AM,9:55 PM,Thriller,,,
640,movie,13,FALSE,FALSE,7:06 PM,11:35 AM,Comedy,,,
641,movie,15,FALSE,FALSE,4:01 AM,7:35 PM,Drama,,,
642,movie,10,FALSE,FALSE,9:22 AM,5:01 AM,Drama,,,
643,movie,9,FALSE,FALSE,8:40 AM,5:29 AM,Thriller,,,
644,movie,10,FALSE,FALSE,10:39 PM,11:44 AM,Thriller,,,
645,movie,7,FALSE,FALSE,7:23 PM,11:00 PM,Action,,,
646,movie,10,FALSE,FALSE,7:03 PM,2:12 AM,Comedy,,,
647,movie,9,FALSE,FALSE,6:56 AM,12:50 AM,Action,,,
648,movie,7,FALSE,FALSE,11:25 AM,10:13 PM,Action,,,
649,movie,8,FALSE,FALSE,6:39 AM,8:43 PM,Thriller,,,
650,movie,9,FALSE,FALSE,9:15 AM,3:35 AM,Action,,,
651,movie,12,FALSE,FALSE,11:07 PM,10:28 AM,Action,,,
652,movie,9,FALSE,FALSE,7:28 AM,5:17 AM,Comedy,,,
653,movie,11,FALSE,FALSE,8:36 PM,3:57 AM,Action,,,
654,movie,11,FALSE,FALSE,9:25 PM,6:32 PM,Comedy,,,
655,movie,9,FALSE,FALSE,10:24 PM,5:47 PM,Thriller,,,
656,movie,11,FALSE,FALSE,5:44 PM,10:17 AM,Drama,,,
657,movie,11,FALSE,FALSE,9:01 PM,4:12 PM,Drama,,,
658,movie,7,FALSE,FALSE,11:25 PM,2:15 PM,Action,,,
659,movie,13,FALSE,FALSE,1:44 AM,11:32 PM,Thriller,,,
660,movie,11,FALSE,FALSE,4:28 AM,11:23 AM,Action,,,
661,movie,13,FALSE,FALSE,10:51 AM,6:56 AM,Comedy,,,
662,movie,11,FALSE,FALSE,11:56 AM,9:54 PM,Action,,,
663,movie,11,FALSE,FALSE,11:30 AM,8:55 AM,Thriller,,,
664,movie,10,FALSE,FALSE,12:26 PM,7:57 PM,Comedy,,,
665,movie,11,FALSE,FALSE,8:34 AM,9:15 AM,Thriller,,,
666,movie,11,FALSE,FALSE,6:24 AM,5:46 PM,Drama,,,
667,movie,7,FALSE,FALSE,1:25 AM,1:51 PM,Action,,,
668,movie,9,FALSE,FALSE,1:10 AM,6:29 AM,Drama,,,
669,movie,8,FALSE,FALSE,3:40 PM,9:51 AM,Action,,,
670,movie,13,FALSE,FALSE,6:31 AM,5:59 AM,Thriller,,,
671,movie,8,FALSE,FALSE,5:53 PM,5:17 PM,Thriller,,,
672,movie,10,FALSE,FALSE,3:15 AM,8:38 PM,Drama,,,
673,movie,12,FALSE,FALSE,10:41 AM,8:54 AM,Drama,,,
674,movie,10,FALSE,FALSE,8:19 AM,1:11 PM,Thriller,,,
675,movie,12,FALSE,FALSE,3:09 PM,5:11 AM,Action,,,
676,movie,9,FALSE,FALSE,3:56 PM,3:20 AM,Drama,,,
677,movie,9,FALSE,FALSE,9:39 PM,12:06 PM,Action,,,
678,movie,7,FALSE,FALSE,7:53 AM,8:32 PM,Comedy,,,
679,movie,10,FALSE,FALSE,7:25 PM,2:50 PM,Comedy,,,
680,movie,10,FALSE,FALSE,4:35 AM,7:23 AM,Drama,,,
681,movie,12,FALSE,FALSE,10:59 PM,2:21 AM,Drama,,,
682,movie,9,FALSE,FALSE,10:40 PM,3:59 AM,Drama,,,
683,movie,10,FALSE,FALSE,2:31 PM,4:40 PM,Thriller,,,
684,movie,7,FALSE,FALSE,6:57 PM,8:38 AM,Comedy,,,
685,movie,10,FALSE,FALSE,12:33 PM,2:06 PM,Comedy,,,
686,movie,10,FALSE,FALSE,1:51 PM,5:36 AM,Thriller,,,
687,movie,12,FALSE,FALSE,4:13 PM,1:12 AM,Comedy,,,
688,movie,11,FALSE,FALSE,4:53 AM,5:20 AM,Action,,,
689,movie,11,FALSE,FALSE,1:45 PM,6:22 AM,Action,,,
690,movie,13,FALSE,FALSE,11:28 PM,2:48 AM,Drama,,,
691,movie,9,FALSE,FALSE,12:35 AM,9:15 AM,Comedy,,,
692,movie,12,FALSE,FALSE,1:05 AM,2:21 AM,Thriller,,,
693,movie,8,FALSE,FALSE,3:38 PM,2:30 PM,Drama,,,
694,movie,13,FALSE,FALSE,11:41 AM,6:20 PM,Action,,,
695,movie,12,FALSE,FALSE,8:27 AM,4:34 AM,Thriller,,,
696,movie,9,FALSE,FALSE,7:15 AM,1:33 PM,Action,,,
697,movie,9,FALSE,FALSE,8:26 PM,8:43 PM,Thriller,,,
698,movie,9,FALSE,FALSE,6:13 AM,12:43 AM,Thriller,,,
699,movie,9,FALSE,FALSE,9:33 PM,5:13 AM,Thriller,,,
700,movie,11,FALSE,FALSE,9:17 AM,8:02 PM,Drama,,,
701,movie,6,FALSE,FALSE,6:56 AM,5:10 PM,Action,,,
702,movie,6,FALSE,FALSE,8:27 PM,12:52 AM,Comedy,,,
703,movie,12,FALSE,FALSE,5:28 AM,12:38 PM,Action,,,
704,movie,8,FALSE,FALSE,3:45 PM,11:37 PM,Thriller,,,
705,movie,13,FALSE,FALSE,1:39 PM,8:12 PM,Comedy,,,
706,movie,11,FALSE,FALSE,10:36 AM,3:37 PM,Comedy,,,
707,movie,7,FALSE,FALSE,7:23 PM,5:36 AM,Comedy,,,
708,movie,12,FALSE,FALSE,5:11 PM,5:30 AM,Drama,,,
709,movie,9,FALSE,FALSE,2:47 AM,9:48 AM,Comedy,,,
710,movie,13,FALSE,FALSE,7:02 PM,8:45 PM,Comedy,,,
711,movie,9,FALSE,FALSE,11:10 AM,11:28 AM,Thriller,,,
712,movie,11,FALSE,FALSE,11:36 AM,11:21 AM,Action,,,
713,movie,13,FALSE,FALSE,6:39 AM,7:50 AM,Comedy,,,
714,movie,12,FALSE,FALSE,7:06 AM,2:08 PM,Action,,,
715,movie,12,FALSE,FALSE,7:22 PM,1:05 AM,Comedy,,,
716,movie,12,FALSE,FALSE,7:38 AM,7:44 AM,Comedy,,,
717,movie,11,FALSE,FALSE,1:17 PM,6:05 AM,Comedy,,,
718,movie,10,FALSE,FALSE,11:25 PM,7:55 AM,Action,,,
719,movie,8,FALSE,FALSE,2:59 PM,9:14 PM,Action,,,
720,movie,11,FALSE,FALSE,4:43 PM,5:16 AM,Action,,,
721,movie,10,FALSE,FALSE,10:53 PM,12:17 PM,Action,,,
722,movie,10,FALSE,FALSE,11:06 PM,1:48 AM,Thriller,,,
723,movie,10,FALSE,FALSE,11:15 PM,11:00 AM,Thriller,,,
724,movie,10,FALSE,FALSE,6:39 AM,10:43 PM,Thriller,,,
725,movie,13,FALSE,FALSE,11:12 PM,10:13 AM,Drama,,,
726,movie,13,FALSE,FALSE,10:25 AM,6:31 PM,Drama,,,
727,movie,9,FALSE,FALSE,12:31 AM,3:15 PM,Action,,,
728,movie,9,FALSE,FALSE,1:03 PM,12:21 PM,Thriller,,,
729,movie,11,FALSE,FALSE,1:17 AM,5:45 PM,Action,,,
730,movie,10,FALSE,FALSE,6:16 AM,7:47 AM,Comedy,,,
731,movie,7,FALSE,FALSE,9:46 AM,11:15 AM,Thriller,,,
732,movie,9,FALSE,FALSE,2:27 AM,7:29 PM,Thriller,,,
733,movie,14,FALSE,FALSE,12:21 AM,10:20 PM,Drama,,,
734,movie,8,FALSE,FALSE,11:50 PM,8:12 AM,Drama,,,
735,movie,11,FALSE,FALSE,12:16 AM,1:13 AM,Comedy,,,
736,movie,10,FALSE,FALSE,11:05 AM,10:18 AM,Action,,,
737,movie,11,FALSE,FALSE,5:20 AM,3:05 AM,Comedy,,,
738,movie,13,FALSE,FALSE,6:16 AM,12:03 AM,Comedy,,,
739,movie,9,FALSE,FALSE,7:50 PM,6:41 AM,Comedy,,,
740,movie,13,FALSE,FALSE,5:41 PM,3:27 AM,Drama,,,
741,movie,13,FALSE,FALSE,1:17 PM,4:10 PM,Drama,,,
742,movie,10,FALSE,FALSE,12:48 AM,1:38 PM,Comedy,,,
743,movie,9,FALSE,FALSE,2:55 PM,1:38 AM,Drama,,,
744,movie,9,FALSE,FALSE,7:13 PM,12:50 PM,Drama,,,
745,movie,12,FALSE,FALSE,10:49 AM,10:12 PM,Thriller,,,
746,movie,12,FALSE,FALSE,8:11 PM,1:53 AM,Action,,,
747,movie,9,FALSE,FALSE,5:44 PM,1:40 AM,Comedy,,,
748,movie,9,FALSE,FALSE,3:42 AM,11:20 AM,Thriller,,,
749,movie,10,FALSE,FALSE,9:26 PM,12:01 AM,Drama,,,
750,movie,10,FALSE,FALSE,2:12 AM,1:25 AM,Comedy,,,
751,movie,10,FALSE,FALSE,9:54 AM,12:22 AM,Comedy,,,
752,movie,10,FALSE,FALSE,5:11 PM,5:29 AM,Action,,,
753,movie,15,FALSE,FALSE,8:09 PM,2:30 PM,Comedy,,,
754,movie,13,FALSE,FALSE,4:48 PM,2:31 PM,Action,,,
755,movie,8,FALSE,FALSE,11:36 PM,5:27 PM,Drama,,,
756,movie,10,FALSE,FALSE,1:15 AM,6:15 PM,Thriller,,,
757,movie,14,FALSE,FALSE,8:37 PM,11:00 AM,Thriller,,,
758,movie,5,FALSE,FALSE,11:17 PM,3:35 AM,Comedy,,,
759,movie,9,FALSE,FALSE,3:47 AM,2:16 AM,Comedy,,,
760,movie,11,FALSE,FALSE,3:44 PM,1:24 PM,Comedy,,,
761,movie,14,FALSE,FALSE,11:44 AM,1:51 PM,Comedy,,,
762,movie,8,FALSE,FALSE,9:39 PM,6:22 PM,Thriller,,,
763,movie,15,FALSE,FALSE,5:46 AM,8:41 AM,Drama,,,
764,movie,6,FALSE,FALSE,7:58 AM,3:44 PM,Action,,,
765,movie,5,FALSE,FALSE,3:13 AM,9:42 AM,Comedy,,,
766,movie,12,FALSE,FALSE,5:10 PM,3:07 AM,Thriller,,,
767,movie,9,FALSE,FALSE,3:47 PM,8:09 AM,Thriller,,,
768,movie,7,FALSE,FALSE,3:59 PM,7:28 PM,Action,,,
769,movie,12,FALSE,FALSE,6:25 PM,4:11 PM,Action,,,
770,movie,12,FALSE,FALSE,3:36 AM,2:34 PM,Thriller,,,
771,movie,9,FALSE,FALSE,7:53 AM,1:44 AM,Action,,,
772,movie,11,FALSE,FALSE,2:40 PM,7:56 AM,Action,,,
773,movie,13,FALSE,FALSE,12:23 AM,2:41 AM,Drama,,,
774,movie,8,FALSE,FALSE,3:02 AM,2:52 AM,Thriller,,,
775,movie,8,FALSE,FALSE,4:39 AM,12:43 PM,Drama,,,
776,movie,11,FALSE,FALSE,9:40 AM,7:36 PM,Action,,,
777,movie,12,FALSE,FALSE,6:19 AM,7:04 PM,Comedy,,,
778,movie,11,FALSE,FALSE,5:12 AM,7:20 AM,Action,,,
779,movie,11,FALSE,FALSE,12:03 AM,7:37 PM,Thriller,,,
780,movie,10,FALSE,FALSE,4:18 PM,3:09 AM,Comedy,,,
781,movie,13,FALSE,FALSE,4:09 AM,3:43 PM,Thriller,,,
782,movie,12,FALSE,FALSE,8:21 AM,10:53 AM,Action,,,
783,movie,7,FALSE,FALSE,5:38 PM,3:55 AM,Thriller,,,
784,movie,9,FALSE,FALSE,11:57 PM,5:36 PM,Drama,,,
785,movie,10,FALSE,FALSE,9:32 PM,12:20 AM,Comedy,,,
786,movie,12,FALSE,FALSE,8:41 PM,2:21 AM,Drama,,,
787,movie,9,FALSE,FALSE,3:58 PM,12:47 PM,Action,,,
788,movie,8,FALSE,FALSE,10:34 PM,12:26 AM,Thriller,,,
789,movie,10,FALSE,FALSE,10:21 AM,3:56 AM,Drama,,,
790,movie,8,FALSE,FALSE,6:44 PM,12:21 AM,Thriller,,,
791,movie,8,FALSE,FALSE,1:33 AM,3:50 AM,Drama,,,
792,movie,11,FALSE,FALSE,9:43 PM,3:55 AM,Action,,,
793,movie,10,FALSE,FALSE,8:49 AM,9:54 PM,Comedy,,,
794,movie,8,FALSE,FALSE,1:58 PM,5:07 AM,Action,,,
795,movie,9,FALSE,FALSE,3:04 AM,1:53 AM,Thriller,,,
796,movie,11,FALSE,FALSE,4:56 PM,8:18 AM,Drama,,,
797,movie,12,FALSE,FALSE,8:05 AM,11:51 PM,Thriller,,,
798,movie,13,FALSE,FALSE,1:54 AM,6:04 PM,Drama,,,
799,movie,9,FALSE,FALSE,4:03 AM,11:13 AM,Drama,,,
800,movie,11,FALSE,FALSE,8:03 AM,9:32 PM,Drama,,,
801,movie,9,FALSE,FALSE,4:27 PM,12:39 AM,Action,,,
802,movie,7,FALSE,FALSE,2:06 AM,7:46 AM,Thriller,,,
803,movie,6,FALSE,FALSE,7:31 PM,9:57 PM,Action,,,
804,movie,8,FALSE,FALSE,1:17 AM,10:10 AM,Thriller,,,
805,movie,13,FALSE,FALSE,11:52 AM,9:00 AM,Comedy,,,
806,movie,10,FALSE,FALSE,2:25 PM,1:56 AM,Thriller,,,
807,movie,9,FALSE,FALSE,4:55 AM,11:56 AM,Action,,,
808,movie,5,FALSE,FALSE,12:26 AM,9:38 AM,Comedy,,,
809,movie,10,FALSE,FALSE,12:38 PM,5:42 PM,Comedy,,,
810,movie,10,FALSE,FALSE,8:49 PM,4:01 PM,Comedy,,,
811,movie,8,FALSE,FALSE,5:45 PM,1:58 AM,Thriller,,,
812,movie,10,FALSE,FALSE,12:38 PM,10:26 AM,Action,,,
813,movie,10,FALSE,FALSE,3:16 AM,5:43 PM,Comedy,,,
814,movie,8,FALSE,FALSE,2:24 PM,3:09 AM,Thriller,,,
815,movie,7,FALSE,FALSE,7:00 AM,6:44 PM,Thriller,,,
816,movie,11,FALSE,FALSE,4:59 AM,10:24 PM,Thriller,,,
817,movie,10,FALSE,FALSE,6:13 PM,1:51 PM,Comedy,,,
818,movie,8,FALSE,FALSE,2:00 AM,12:18 AM,Action,,,
819,movie,9,FALSE,FALSE,9:53 AM,4:37 PM,Action,,,
820,movie,9,FALSE,FALSE,2:47 PM,12:00 AM,Drama,,,
821,movie,9,FALSE,FALSE,8:26 PM,3:49 PM,Action,,,
822,movie,10,FALSE,FALSE,1:23 PM,9:00 AM,Comedy,,,
823,movie,9,FALSE,FALSE,5:48 AM,12:35 PM,Thriller,,,
824,movie,7,FALSE,FALSE,11:17 AM,6:41 PM,Comedy,,,
825,movie,13,FALSE,FALSE,12:56 PM,8:25 AM,Thriller,,,
826,movie,11,FALSE,FALSE,8:50 PM,2:15 AM,Comedy,,,
827,movie,12,FALSE,FALSE,1:30 PM,7:33 PM,Drama,,,
828,movie,10,FALSE,FALSE,11:29 PM,7:43 PM,Action,,,
829,movie,5,FALSE,FALSE,8:17 AM,11:04 PM,Comedy,,,
830,movie,12,FALSE,FALSE,9:55 AM,2:02 PM,Comedy,,,
831,movie,10,FALSE,FALSE,6:47 AM,7:35 AM,Thriller,,,
832,movie,7,FALSE,FALSE,8:20 AM,11:30 PM,Thriller,,,
833,movie,14,FALSE,FALSE,6:10 PM,11:47 PM,Drama,,,
834,movie,12,FALSE,FALSE,2:27 AM,10:41 PM,Thriller,,,
835,movie,12,FALSE,FALSE,12:19 PM,8:28 AM,Drama,,,
836,movie,9,FALSE,FALSE,8:37 PM,3:14 PM,Action,,,
837,movie,7,FALSE,FALSE,3:20 AM,12:02 PM,Action,,,
838,movie,10,FALSE,FALSE,11:51 PM,5:31 AM,Action,,,
839,movie,8,FALSE,FALSE,3:37 AM,4:13 PM,Thriller,,,
840,movie,8,FALSE,FALSE,2:57 PM,4:43 PM,Action,,,
841,movie,9,FALSE,FALSE,12:11 AM,2:49 AM,Thriller,,,
842,movie,11,FALSE,FALSE,10:35 AM,9:34 AM,Action,,,
843,movie,12,FALSE,FALSE,8:30 PM,9:54 PM,Thriller,,,
844,movie,12,FALSE,FALSE,7:31 PM,12:37 PM,Drama,,,
845,movie,17,FALSE,FALSE,1:25 AM,12:01 PM,Action,,,
846,movie,12,FALSE,FALSE,11:05 AM,2:52 PM,Drama,,,
847,movie,9,FALSE,FALSE,10:38 PM,12:52 AM,Comedy,,,
848,movie,12,FALSE,FALSE,4:57 AM,2:04 AM,Thriller,,,
849,movie,8,FALSE,FALSE,12:43 PM,6:55 AM,Drama,,,
850,movie,8,FALSE,FALSE,7:04 AM,9:05 PM,Drama,,,
851,movie,8,FALSE,FALSE,11:26 AM,6:42 PM,Thriller,,,
852,movie,5,FALSE,FALSE,5:33 AM,1:32 AM,Thriller,,,
853,movie,6,FALSE,FALSE,11:33 PM,3:39 PM,Comedy,,,
854,movie,13,FALSE,FALSE,1:36 AM,9:09 AM,Comedy,,,
855,movie,5,FALSE,FALSE,2:35 PM,12:07 AM,Thriller,,,
856,movie,8,FALSE,FALSE,6:34 PM,6:40 AM,Action,,,
857,movie,10,FALSE,FALSE,11:09 AM,5:20 PM,Action,,,
858,movie,14,FALSE,FALSE,3:52 PM,2:45 AM,Action,,,
859,movie,12,FALSE,FALSE,3:30 PM,10:39 AM,Comedy,,,
860,movie,10,FALSE,FALSE,6:58 PM,7:41 PM,Action,,,
861,movie,13,FALSE,FALSE,1:54 AM,4:39 PM,Drama,,,
862,movie,10,FALSE,FALSE,10:14 PM,3:47 PM,Comedy,,,
863,movie,6,FALSE,FALSE,7:02 PM,5:26 AM,Thriller,,,
864,movie,11,FALSE,FALSE,10:03 PM,8:11 PM,Comedy,,,
865,movie,12,FALSE,FALSE,2:33 PM,12:52 PM,Thriller,,,
866,movie,12,FALSE,FALSE,5:27 PM,5:48 PM,Thriller,,,
867,movie,10,FALSE,FALSE,2:27 PM,1:56 AM,Drama,,,
868,movie,9,FALSE,FALSE,2:16 PM,5:09 AM,Thriller,,,
869,movie,12,FALSE,FALSE,3:51 AM,8:18 AM,Thriller,,,
870,movie,12,FALSE,FALSE,2:10 PM,8:56 AM,Thriller,,,
871,movie,8,FALSE,FALSE,2:13 PM,7:17 AM,Action,,,
872,movie,11,FALSE,FALSE,8:29 PM,3:58 PM,Action,,,
873,movie,12,FALSE,FALSE,3:21 PM,3:12 PM,Action,,,
874,movie,10,FALSE,FALSE,12:32 PM,3:31 AM,Thriller,,,
875,movie,11,FALSE,FALSE,2:27 AM,4:14 AM,Thriller,,,
876,movie,15,FALSE,FALSE,12:51 AM,4:22 AM,Comedy,,,
877,movie,11,FALSE,FALSE,7:49 AM,8:13 PM,Drama,,,
878,movie,10,FALSE,FALSE,8:45 AM,11:48 AM,Thriller,,,
879,movie,6,FALSE,FALSE,4:33 PM,12:06 PM,Action,,,
880,movie,9,FALSE,FALSE,10:23 PM,5:26 AM,Thriller,,,
881,movie,9,FALSE,FALSE,8:04 PM,5:42 PM,Thriller,,,
882,movie,11,FALSE,FALSE,8:23 AM,1:41 AM,Drama,,,
883,movie,11,FALSE,FALSE,1:30 AM,7:47 AM,Drama,,,
884,movie,7,FALSE,FALSE,8:08 AM,6:24 PM,Comedy,,,
885,movie,10,FALSE,FALSE,11:53 AM,11:15 AM,Comedy,,,
886,movie,12,FALSE,FALSE,4:58 AM,11:36 AM,Drama,,,
887,movie,10,FALSE,FALSE,8:51 PM,3:49 AM,Action,,,
888,movie,11,FALSE,FALSE,5:53 AM,9:08 AM,Action,,,
889,movie,16,FALSE,FALSE,10:30 PM,7:22 PM,Action,,,
890,movie,9,FALSE,FALSE,10:52 PM,3:50 AM,Action,,,
891,movie,10,FALSE,FALSE,10:14 AM,3:47 PM,Action,,,
892,movie,9,FALSE,FALSE,6:39 PM,12:23 AM,Comedy,,,
893,movie,12,FALSE,FALSE,11:58 AM,12:39 PM,Thriller,,,
894,movie,8,FALSE,FALSE,3:15 PM,3:48 PM,Thriller,,,
895,movie,10,FALSE,FALSE,12:43 PM,6:08 AM,Comedy,,,
896,movie,12,FALSE,FALSE,10:39 AM,11:26 PM,Comedy,,,
897,movie,11,FALSE,FALSE,11:29 PM,9:27 AM,Thriller,,,
898,movie,9,FALSE,FALSE,5:16 PM,3:16 AM,Comedy,,,
899,movie,9,FALSE,FALSE,11:48 PM,3:54 AM,Thriller,,,
900,movie,9,FALSE,FALSE,1:55 PM,6:11 AM,Action,,,
901,movie,9,FALSE,FALSE,12:19 AM,3:47 PM,Thriller,,,
902,movie,13,FALSE,FALSE,2:26 PM,10:04 AM,Action,,,
903,movie,15,FALSE,FALSE,7:07 AM,10:45 AM,Drama,,,
904,movie,11,FALSE,FALSE,8:44 PM,10:28 PM,Comedy,,,
905,movie,8,FALSE,FALSE,6:21 PM,11:05 AM,Action,,,
906,movie,13,FALSE,FALSE,12:29 PM,9:21 PM,Thriller,,,
907,movie,9,FALSE,FALSE,7:36 AM,10:29 AM,Action,,,
908,movie,11,FALSE,FALSE,5:06 PM,6:19 AM,Drama,,,
909,movie,12,FALSE,FALSE,10:52 AM,6:36 PM,Action,,,
910,movie,12,FALSE,FALSE,9:48 PM,1:26 PM,Drama,,,
911,movie,8,FALSE,FALSE,3:36 AM,2:58 PM,Action,,,
912,movie,7,FALSE,FALSE,2:26 PM,8:49 AM,Action,,,
913,movie,10,FALSE,FALSE,12:03 AM,9:17 PM,Action,,,
914,movie,9,FALSE,FALSE,3:59 PM,10:02 PM,Drama,,,
915,movie,11,FALSE,FALSE,11:24 AM,11:34 AM,Drama,,,
916,movie,10,FALSE,FALSE,12:47 PM,4:56 AM,Drama,,,
917,movie,8,FALSE,FALSE,11:41 AM,1:09 AM,Comedy,,,
918,movie,11,FALSE,FALSE,10:54 AM,2:43 PM,Thriller,,,
919,movie,14,FALSE,FALSE,8:55 PM,9:05 AM,Action,,,
920,movie,8,FALSE,FALSE,1:07 AM,11:39 PM,Action,,,
921,movie,10,FALSE,FALSE,2:29 PM,4:34 PM,Comedy,,,
922,movie,8,FALSE,FALSE,11:10 PM,10:08 PM,Comedy,,,
923,movie,10,FALSE,FALSE,2:07 PM,8:11 AM,Drama,,,
924,movie,12,FALSE,FALSE,1:45 PM,3:23 PM,Thriller,,,
925,movie,10,FALSE,FALSE,6:45 AM,8:53 PM,Drama,,,
926,movie,9,FALSE,FALSE,1:18 AM,1:05 AM,Action,,,
927,movie,9,FALSE,FALSE,12:16 AM,3:07 PM,Drama,,,
928,movie,8,FALSE,FALSE,9:12 PM,9:03 PM,Thriller,,,
929,movie,14,FALSE,FALSE,8:48 PM,2:39 AM,Comedy,,,
930,movie,11,FALSE,FALSE,1:21 AM,5:57 PM,Thriller,,,
931,movie,10,FALSE,FALSE,1:53 PM,1:09 AM,Drama,,,
932,movie,8,FALSE,FALSE,4:07 AM,9:28 AM,Thriller,,,
933,movie,11,FALSE,FALSE,9:44 PM,12:16 AM,Action,,,
934,movie,8,FALSE,FALSE,10:15 AM,4:36 AM,Drama,,,
935,movie,8,FALSE,FALSE,3:36 PM,4:54 AM,Thriller,,,
936,movie,10,FALSE,FALSE,1:34 AM,2:00 AM,Thriller,,,
937,movie,10,FALSE,FALSE,11:04 AM,3:47 PM,Thriller,,,
938,movie,10,FALSE,FALSE,3:49 AM,7:06 PM,Comedy,,,
939,movie,7,FALSE,FALSE,9:05 PM,4:32 AM,Action,,,
940,movie,11,FALSE,FALSE,9:28 AM,12:41 AM,Thriller,,,
941,movie,12,FALSE,FALSE,12:31 PM,2:15 AM,Action,,,
942,movie,9,FALSE,FALSE,9:41 PM,1:13 PM,Thriller,,,
943,movie,7,FALSE,FALSE,12:34 PM,4:44 AM,Comedy,,,
944,movie,10,FALSE,FALSE,12:07 AM,3:03 PM,Action,,,
945,movie,10,FALSE,FALSE,11:30 PM,7:46 AM,Drama,,,
946,movie,8,FALSE,FALSE,11:27 AM,11:38 PM,Action,,,
947,movie,6,FALSE,FALSE,12:13 AM,11:54 PM,Comedy,,,
948,movie,9,FALSE,FALSE,11:03 PM,10:14 AM,Comedy,,,
949,movie,10,FALSE,FALSE,5:18 PM,9:21 AM,Action,,,
950,movie,11,FALSE,FALSE,2:30 AM,8:06 PM,Drama,,,
951,movie,9,FALSE,FALSE,3:36 AM,5:52 PM,Drama,,,
952,movie,11,FALSE,FALSE,10:54 PM,3:14 PM,Drama,,,
953,movie,11,FALSE,FALSE,4:53 AM,4:44 PM,Drama,,,
954,movie,9,FALSE,FALSE,3:02 AM,4:09 AM,Thriller,,,
955,movie,12,FALSE,FALSE,9:10 AM,5:59 PM,Thriller,,,
956,movie,9,FALSE,FALSE,11:48 PM,10:37 PM,Comedy,,,
957,movie,13,FALSE,FALSE,4:15 PM,6:55 AM,Thriller,,,
958,movie,13,FALSE,FALSE,3:02 AM,4:10 PM,Comedy,,,
959,movie,12,FALSE,FALSE,5:58 PM,8:18 AM,Comedy,,,
960,movie,11,FALSE,FALSE,2:26 PM,8:31 AM,Thriller,,,
961,movie,9,FALSE,FALSE,9:28 AM,11:16 PM,Drama,,,
962,movie,11,FALSE,FALSE,12:41 AM,3:13 PM,Action,,,
963,movie,7,FALSE,FALSE,6:29 AM,2:45 AM,Thriller,,,
964,movie,9,FALSE,FALSE,12:15 AM,4:27 AM,Thriller,,,
965,movie,8,FALSE,FALSE,1:44 AM,4:41 AM,Comedy,,,
966,movie,12,FALSE,FALSE,9:29 PM,4:21 AM,Thriller,,,
967,movie,9,FALSE,FALSE,10:06 AM,5:25 PM,Comedy,,,
968,movie,13,FALSE,FALSE,3:15 PM,10:46 PM,Comedy,,,
969,movie,8,FALSE,FALSE,3:32 PM,11:30 PM,Thriller,,,
970,movie,13,FALSE,FALSE,7:35 AM,1:57 PM,Comedy,,,
971,movie,10,FALSE,FALSE,9:25 AM,2:38 PM,Comedy,,,
972,movie,9,FALSE,FALSE,10:11 AM,7:39 AM,Comedy,,,
973,movie,11,FALSE,FALSE,7:57 AM,10:43 AM,Drama,,,
974,movie,8,FALSE,FALSE,4:12 PM,5:23 PM,Thriller,,,
975,movie,11,FALSE,FALSE,7:29 PM,9:10 PM,Action,,,
976,movie,12,FALSE,FALSE,8:33 AM,8:46 PM,Comedy,,,
977,movie,8,FALSE,FALSE,12:12 AM,12:22 PM,Thriller,,,
978,movie,9,FALSE,FALSE,3:03 PM,6:51 AM,Drama,,,
979,movie,12,FALSE,FALSE,9:01 PM,4:24 PM,Drama,,,
980,movie,10,FALSE,FALSE,3:26 PM,12:53 PM,Comedy,,,
981,movie,12,FALSE,FALSE,3:54 AM,5:34 AM,Comedy,,,
982,movie,14,FALSE,FALSE,4:09 PM,4:45 PM,Drama,,,
983,movie,7,FALSE,FALSE,1:14 AM,7:17 AM,Action,,,
984,movie,11,FALSE,FALSE,12:57 AM,4:44 PM,Thriller,,,
985,movie,5,FALSE,FALSE,5:43 AM,6:10 PM,Thriller,,,
986,movie,13,FALSE,FALSE,11:34 AM,1:16 PM,Thriller,,,
987,movie,13,FALSE,FALSE,6:21 PM,8:36 AM,Comedy,,,
988,movie,11,FALSE,FALSE,7:54 AM,8:56 AM,Drama,,,
989,movie,11,FALSE,FALSE,11:41 AM,4:43 PM,Drama,,,
990,movie,11,FALSE,FALSE,2:49 PM,10:44 AM,Thriller,,,
991,movie,7,FALSE,FALSE,1:53 AM,8:02 PM,Drama,,,
992,movie,9,FALSE,FALSE,3:05 PM,9:56 PM,Comedy,,,
993,movie,9,FALSE,FALSE,4:31 AM,6:09 PM,Thriller,,,
994,movie,9,FALSE,FALSE,12:58 AM,9:28 PM,Drama,,,
995,movie,13,FALSE,FALSE,4:56 AM,12:38 PM,Thriller,,,
996,movie,10,FALSE,FALSE,8:46 PM,11:46 AM,Thriller,,,
997,movie,9,FALSE,FALSE,8:15 PM,11:00 PM,Action,,,
998,movie,9,FALSE,FALSE,10:38 PM,5:46 AM,Thriller,,,
999,movie,9,FALSE,FALSE,12:07 PM,11:08 AM,Drama,,,
1000,movie,11,FALSE,FALSE,8:34 PM,9:13 PM,Action,,,
